"STATION.x","Avg_Walking_Potential","Num_Food_Sites"
"BEVERLY",647.452720951942,3
"BEVERLY FARMS",369.890099506016,0
"LYNN",1387.59089419364,22
"MONTSERRAT",518.593914210615,2
"NORTH BEVERLY",347.191103429413,2
"RIVER WORKS",770.799180749518,1
"SALEM",1104.8109352728,5
